"address","categories/0","categories/1","categories/2","categories/3","categories/4","categories/5","categories/6","categoryName","cid","city","countryCode","fid","hotelStars","imageUrl","isAdvertisement","location/lat","location/lng","neighborhood","permanentlyClosed","placeId","postalCode","price","rank","reviewsCount","searchPageUrl","searchString","state","street","temporarilyClosed","title","totalScore","url"
"Turu 37, 50106 Tartu, Estonia","Restaurant",,,,,,,"Restaurant","1761466600769601975","Tartu","EE","0x46eb37b41fe9911d:0x1871fc8a6e9641b7",,"https://lh5.googleusercontent.com/p/AF1QipOZVRXMxIjZ34GBqG6aFpcqjtYx6Q0g9FLEneyz=w408-h272-k-no","false","58.3606491","26.7399101",,"false","ChIJHZHpH7Q360YRt0GWbor8cRg","50106","€1–10","1","109","https://www.google.com/maps/search/restaurant/@58.35887664601779,26.762555047149345,17z?hl=en","restaurant",,"Turu 37","false","KEBAB STOP TURU","4.7","https://www.google.com/maps/search/?api=1&query=KEBAB%20STOP%20TURU&query_place_id=ChIJHZHpH7Q360YRt0GWbor8cRg"
"Turu 37, 50106 Tartu, Estonia","Asian restaurant",,,,,,,"Asian restaurant","6874302285362970043","Tartu","EE","0x46eb379dcfc7236f:0x5f666d81c5b73dbb",,"https://lh5.googleusercontent.com/p/AF1QipND4bXcBDdzxDZ4yOOAfZq-3--4BqtInR05PLJk=w426-h240-k-no","false","58.3605944","26.7395558",,"false","ChIJbyPHz50360YRuz23xYFtZl8","50106","€10–20","2","100","https://www.google.com/maps/search/restaurant/@58.35887664601779,26.762555047149345,17z?hl=en","restaurant",,"Turu 37","false","WOK STOP","4.4","https://www.google.com/maps/search/?api=1&query=WOK%20STOP&query_place_id=ChIJbyPHz50360YRuz23xYFtZl8"
"Ülikooli 11, 51003 Tartu, Estonia","Cafe","Breakfast restaurant",,,,,,"Cafe","200465234080970107","Tartu","EE","0x46eb36e12bc5b291:0x2c832117b36357b",,"https://lh5.googleusercontent.com/p/AF1QipOQ7sjR4tjwaZRBhJmsGCN4sPf1uTwaso7GIKn3=w408-h271-k-no","false","58.3805181","26.7209742",,"false","ChIJkbLFK-E260YRezU2exEyyAI","51003","€1–10","1","2251","https://www.google.com/maps/search/restaurant/@58.39938681340057,26.72825367897867,17z?hl=en","restaurant",,"Ülikooli 11","false","Cafe-restaurant Werner","4.6","https://www.google.com/maps/search/?api=1&query=Cafe-restaurant%20Werner&query_place_id=ChIJkbLFK-E260YRezU2exEyyAI"
"Turu 34b, 51004 Tartu, Estonia","Restaurant",,,,,,,"Restaurant","16226342949754359373","Tartu","EE","0x46eb378ffa49e5e9:0xe12f8cf123c5ce4d",,"https://lh5.googleusercontent.com/p/AF1QipMrUgk-b85jENUINquECNIZsCPIyoWsgFeXJRDW=w426-h240-k-no","false","58.3558197","26.7416476",,"false","ChIJ6eVJ-o8360YRTc7FI_GML-E","51004","€1–10","3","37","https://www.google.com/maps/search/restaurant/@58.35887664601779,26.762555047149345,17z?hl=en","restaurant",,"Turu 34b","false","Restoran 2Pipart","4.5","https://www.google.com/maps/search/?api=1&query=Restoran%202Pipart&query_place_id=ChIJ6eVJ-o8360YRTc7FI_GML-E"
"Rüütli 7, 51007 Tartu, Estonia","Restaurant",,,,,,,"Restaurant","388988969335625430","Tartu","EE","0x46eb3702000c935d:0x565f7681acb96d6",,"https://lh5.googleusercontent.com/p/AF1QipNyeMVAkXYR24x6bNLY4lHcvcWAr994GuduV3aH=w408-h616-k-no","false","58.380725","26.7222505",,"false","ChIJXZMMAAI360YR1pbLGmj3ZQU","51007","££","2","352","https://www.google.com/maps/search/restaurant/@58.39938681340057,26.72825367897867,17z?hl=en","restaurant",,"Rüütli 7","false","Pompei","4.6","https://www.google.com/maps/search/?api=1&query=Pompei&query_place_id=ChIJXZMMAAI360YR1pbLGmj3ZQU"
"Küütri 3, 51007 Tartu, Estonia","Restaurant",,,,,,,"Restaurant","2935878713262264899","Tartu","EE","0x46eb36e6d45d923d:0x28be56227fa0d243",,"https://lh5.googleusercontent.com/p/AF1QipNF8Mlfgn7W-vN23DuYuiL6gJHXNVUJDmXdj2q-=w408-h306-k-no","false","58.380884","26.7214445",,"false","ChIJPZJd1OY260YRQ9KgfyJWvig","51007","£££","3","692","https://www.google.com/maps/search/restaurant/@58.39938681340057,26.72825367897867,17z?hl=en","restaurant",,"Küütri 3","false","Chez Andre","4.6","https://www.google.com/maps/search/?api=1&query=Chez%20Andre&query_place_id=ChIJPZJd1OY260YRQ9KgfyJWvig"
"Tähe 21, 51013 Tartu, Estonia","Restaurant","Chicken restaurant","Chicken shop","Wine bar",,,,"Restaurant","4249055875746479534","Tartu","EE","0x46eb37d5a8cd8b87:0x3af7adce78a7bdae",,"https://lh5.googleusercontent.com/p/AF1QipNdsuIwxfRedAI73Y8UOGbRr5UVnXJ_KDT1VD2x=w408-h306-k-no","false","58.3699873","26.7274364",,"false","ChIJh4vNqNU360YRrr2neM6t9zo","51013","€10–20","4","164","https://www.google.com/maps/search/restaurant/@58.35887664601779,26.762555047149345,17z?hl=en","restaurant",,"Tähe 21","false","NOKK","4.8","https://www.google.com/maps/search/?api=1&query=NOKK&query_place_id=ChIJh4vNqNU360YRrr2neM6t9zo"
"Ülikooli 14, 51003 Tartu, Estonia","Restaurant",,,,,,,"Restaurant","8016319505237579170","Tartu","EE","0x46eb36e0c4ee94b1:0x6f3fb01e23b895a2",,"https://lh5.googleusercontent.com/p/AF1QipP--BYrNGdpufYWZo32TzpCJtYPJ1wP6ZmfsvAM=w408-h306-k-no","false","58.3795318","26.7217236",,"false","ChIJsZTuxOA260YRopW4Ix6wP28","51003",,"4","308","https://www.google.com/maps/search/restaurant/@58.39938681340057,26.72825367897867,17z?hl=en","restaurant",,"Ülikooli 14","false","Restoran Hõlm","4.8","https://www.google.com/maps/search/?api=1&query=Restoran%20H%C3%B5lm&query_place_id=ChIJsZTuxOA260YRopW4Ix6wP28"
"Tähe 29, 50103 Tartu, Estonia","Pizza restaurant","Bar",,,,,,"Pizza restaurant","9231264317978017095","Tartu","EE","0x46eb3700290ab82f:0x801c09fce4d17d47",,"https://lh5.googleusercontent.com/p/AF1QipNALdAFSDUFtzRTFQAO5sld7K_RJ4U4R0XXapS7=w408-h306-k-no","false","58.3698255","26.7276466",,"false","ChIJL7gKKQA360YRR33R5PwJHIA","50103","€10–20","5","24","https://www.google.com/maps/search/restaurant/@58.35887664601779,26.762555047149345,17z?hl=en","restaurant",,"Tähe 29","false","Metsik Pizza","4.8","https://www.google.com/maps/search/?api=1&query=Metsik%20Pizza&query_place_id=ChIJL7gKKQA360YRR33R5PwJHIA"
"Kalda tee 1c, 50703 Tartu, Estonia","American restaurant","Amusement Centre","Bowling club","Events Venue","Cinema","Snooker and Pool Club","Sports bar","American restaurant","1456000768042059875","Tartu","EE","0x46eb3702cedb71b3:0x1434c0fbfbd7c863",,"https://lh5.googleusercontent.com/p/AF1QipNKZb6GzuldUx5HFPSbpYn9VhvlBAhuIRHzK_Cb=w408-h272-k-no","false","58.3729966","26.7503444",,"false","ChIJs3HbzgI360YRY8jX-_vANBQ","50703","€10–20","6","749","https://www.google.com/maps/search/restaurant/@58.35887664601779,26.762555047149345,17z?hl=en","restaurant",,"Kalda tee 1c","false","O'Learys Eeden","4.1","https://www.google.com/maps/search/?api=1&query=O'Learys%20Eeden&query_place_id=ChIJs3HbzgI360YRY8jX-_vANBQ"
"Lossi 28, 51003 Tartu, Estonia","Restaurant","Pub",,,,,,"Restaurant","14619226841715400487","Tartu","EE","0x46eb36e11be36351:0xcae1ed5b474d5f27",,"https://lh5.googleusercontent.com/p/AF1QipMIbQNyWXcgCSzR5K6bIegwHGFMQavCNhynqz8U=w408-h306-k-no","false","58.37921","26.719074",,"false","ChIJUWPjG-E260YRJ19NR1vt4co","51003","€10–20","5","3394","https://www.google.com/maps/search/restaurant/@58.39938681340057,26.72825367897867,17z?hl=en","restaurant",,"Lossi 28","false","Gunpowder Cellar of Tartu","4.4","https://www.google.com/maps/search/?api=1&query=Gunpowder%20Cellar%20of%20Tartu&query_place_id=ChIJUWPjG-E260YRJ19NR1vt4co"
"Aleksandri tn 42, 51004 Tartu, Estonia","Restaurant",,,,,,,"Restaurant","5793025760975554384","Tartu","EE","0x46eb36d804270ea3:0x5064f63ca1a28750",,"https://lh5.googleusercontent.com/p/AF1QipNH5ZipovQEF7wESaqppA8JcCDBhrxPlK1Ne6ts=w408-h271-k-no","false","58.3709004","26.7381912",,"false","ChIJow4nBNg260YRUIeioTz2ZFA","51004","€20–30","7","349","https://www.google.com/maps/search/restaurant/@58.35887664601779,26.762555047149345,17z?hl=en","restaurant",,"Aleksandri tn 42","false","Tartu Aleksander","4.5","https://www.google.com/maps/search/?api=1&query=Tartu%20Aleksander&query_place_id=ChIJow4nBNg260YRUIeioTz2ZFA"
"Rüütli 12, 51007 Tartu, Estonia","Restaurant",,,,,,,"Restaurant","13343100892944542390","Tartu","EE","0x46eb36e6dbb1f809:0xb92c37913e282ab6",,"https://lh5.googleusercontent.com/p/AF1QipPwmsKhJMVoyOm6dGje3FgOoc0cJ0-rpN7vQoDt=w426-h240-k-no","false","58.3815493","26.7216158",,"false","ChIJCfix2-Y260YRtiooPpE3LLk","51007","€10–20","6","789","https://www.google.com/maps/search/restaurant/@58.39938681340057,26.72825367897867,17z?hl=en","restaurant",,"Rüütli 12","false","Krempel","4.5","https://www.google.com/maps/search/?api=1&query=Krempel&query_place_id=ChIJCfix2-Y260YRtiooPpE3LLk"
"Riia tn 2, 51004 Tartu, Estonia","Restaurant","Cocktail bar","Fusion restaurant",,,,,"Restaurant","10510987328137974862","Tartu","EE","0x46eb36de57e7c3ff:0x91de87490c4bd44e",,"https://lh5.googleusercontent.com/p/AF1QipPyedqRMXXXjmvf9o84dHVPqGxVYcgCBiDgsGby=w408-h306-k-no","false","58.376482","26.7284541",,"false","ChIJ_8PnV94260YRTtRLDEmH3pE","51004","££","7","756","https://www.google.com/maps/search/restaurant/@58.39938681340057,26.72825367897867,17z?hl=en","restaurant",,"Riia tn 2","false","JOYCE","4.6","https://www.google.com/maps/search/?api=1&query=JOYCE&query_place_id=ChIJ_8PnV94260YRTtRLDEmH3pE"
"Turu 27a, 50106 Tartu, Estonia","Restaurant","Party shop","Pub","Sauna",,,,"Restaurant","7099878731153228508","Tartu","EE","0x46eb36d8002302ef:0x6287d616d6bd42dc",,"https://lh5.googleusercontent.com/p/AF1QipOQBks8kIjRVMwuR6hQU760SOPLtkxvKIdkfnvA=w408-h272-k-no","false","58.3707297","26.7390966",,"false","ChIJ7wIjANg260YR3EK91hbWh2I","50106","€20–30","8","1342","https://www.google.com/maps/search/restaurant/@58.35887664601779,26.762555047149345,17z?hl=en","restaurant",,"Turu 27a","false","Hansa Tall & Hansa Hoov","4.6","https://www.google.com/maps/search/?api=1&query=Hansa%20Tall%20%26%20Hansa%20Hoov&query_place_id=ChIJ7wIjANg260YR3EK91hbWh2I"
"Mõisavahe tn 34c, 50708 Tartu, Estonia","Asian restaurant",,,,,,,"Asian restaurant","2622871455098639620","Tartu","EE","0x46eb313c5cee459f:0x24664fb11caa9504",,"https://lh5.googleusercontent.com/p/AF1QipPoFj2w9te8qo1rG_QucbRWhPuQlbWiX4r3yv-o=w408-h272-k-no","false","58.3720186","26.7801767",,"false","ChIJn0XuXDwx60YRBJWqHLFPZiQ","50708","€1–20","9","10","https://www.google.com/maps/search/restaurant/@58.35887664601779,26.762555047149345,17z?hl=en","restaurant",,"Mõisavahe tn 34c","false","Green Chilli Restoran","4.2","https://www.google.com/maps/search/?api=1&query=Green%20Chilli%20Restoran&query_place_id=ChIJn0XuXDwx60YRBJWqHLFPZiQ"
"Ülikooli 15, 51003 Tartu, Estonia","Restaurant",,,,,,,"Restaurant","4554443358913634323","Tartu","EE","0x46eb36e6d1f40a4b:0x3f34a21abdaf2013",,"https://lh5.googleusercontent.com/p/AF1QipOCEb_2Xr0dumzGP9yocir6IslHlU-t393dtrNZ=w408-h272-k-no","false","58.3811433","26.7208484",,"false","ChIJSwr00eY260YREyCvvRqiND8","51003",,"8","91","https://www.google.com/maps/search/restaurant/@58.39938681340057,26.72825367897867,17z?hl=en","restaurant",,"Ülikooli 15","false","Antonius Restaurant","4.7","https://www.google.com/maps/search/?api=1&query=Antonius%20Restaurant&query_place_id=ChIJSwr00eY260YREyCvvRqiND8"
"Kalda tee 43, 50707 Tartu, Estonia","Fast food restaurant",,,,,,,"Fast food restaurant","8645412137585659723","Tartu","EE","0x46eb312ba108263b:0x77faac88a5a4cf4b",,"https://lh5.googleusercontent.com/p/AF1QipNOYLHMNykDjEWYtF42kVtyQBwwQjBoh2-sJGku=w408-h306-k-no","false","58.3688259","26.7660724",,"false","ChIJOyYIoSsx60YRS8-kpYis-nc","50707","€1–10","10","757","https://www.google.com/maps/search/restaurant/@58.35887664601779,26.762555047149345,17z?hl=en","restaurant",,"Kalda tee 43","false","Sirius Kiirtoit ja Pitsakohvik","4.4","https://www.google.com/maps/search/?api=1&query=Sirius%20Kiirtoit%20ja%20Pitsakohvik&query_place_id=ChIJOyYIoSsx60YRS8-kpYis-nc"
"Vallikraavi tn 4, 51003 Tartu, Estonia","Restaurant","Caterer","Wine bar",,,,,"Restaurant","228353057861027071","Tartu","EE","0x46eb36e097301cdb:0x32b45e5712e44ff",,"https://lh5.googleusercontent.com/p/AF1QipPsezXV11LN3V2dtcpuvUJUncqhoMzpiAxvatWN=w408-h306-k-no","false","58.3781198","26.723041",,"false","ChIJ2xwwl-A260YR_0QuceVFKwM","51003","££","10","861","https://www.google.com/maps/search/restaurant/@58.39938681340057,26.72825367897867,17z?hl=en","restaurant",,"Vallikraavi tn 4","false","Vilde Ja Vine","4.6","https://www.google.com/maps/search/?api=1&query=Vilde%20Ja%20Vine&query_place_id=ChIJ2xwwl-A260YR_0QuceVFKwM"
"Kuu 41, 50104 Tartu, Estonia","Pizza restaurant",,,,,,,"Pizza restaurant","18028849271474115802","Tartu","EE","0x46eb36d8f790660d:0xfa3356e4374654da",,"https://lh5.googleusercontent.com/p/AF1QipMRmfFPUQez3EP6v9nqy7Hhwd60S1kSuaGeWdY=w426-h240-k-no","false","58.3668109","26.7386166",,"false","ChIJDWaQ99g260YR2lRGN-RWM_o","50104","€10–20","12","59","https://www.google.com/maps/search/restaurant/@58.35887664601779,26.762555047149345,17z?hl=en","restaurant",,"Kuu 41","false","Pizza La Mimosa","4.2","https://www.google.com/maps/search/?api=1&query=Pizza%20La%20Mimosa&query_place_id=ChIJDWaQ99g260YR2lRGN-RWM_o"
"Raekoja plats 20, 51004 Tartu, Estonia","Restaurant",,,,,,,"Restaurant","3317035522492081987","Tartu","EE","0x46eb36e74884c003:0x2e087a3bb97e2743",,"https://lh5.googleusercontent.com/p/AF1QipNG3lY1VMjnmmC3IFOIogAG4gQbrAnow6TI4rFt=w426-h240-k-no","false","58.3807977","26.7246551",,"false","ChIJA8CESOc260YRQyd-uTt6CC4","51004","€10–20","11","1097","https://www.google.com/maps/search/restaurant/@58.39938681340057,26.72825367897867,17z?hl=en","restaurant",,"Raekoja plats 20","false","Taverna Pizzeria","4.4","https://www.google.com/maps/search/?api=1&query=Taverna%20Pizzeria&query_place_id=ChIJA8CESOc260YRQyd-uTt6CC4"
"Kalda tee, 50703 Tartu, Estonia","Pancake restaurant",,,,,,,"Pancake restaurant","11433364924922951158","Tartu","EE","0x46eb3792999f1e37:0x9eab78d2997175f6",,"https://streetviewpixels-pa.googleapis.com/v1/thumbnail?panoid=iLyvFUbasdsi7SZZSC1I6w&cb_client=search.gws-prod.gps&w=408&h=240&yaw=201.42256&pitch=0&thumbfov=100","false","58.3733499","26.7507326",,"false","ChIJNx6fmZI360YR9nVxmdJ4q54","50703",,"13","0","https://www.google.com/maps/search/restaurant/@58.35887664601779,26.762555047149345,17z?hl=en","restaurant",,"Kalda tee","false","Pannkoogi Paradiis",,"https://www.google.com/maps/search/?api=1&query=Pannkoogi%20Paradiis&query_place_id=ChIJNx6fmZI360YR9nVxmdJ4q54"
"Kompanii 10, 51007 Tartu, Estonia","Restaurant","Caterer","Coffee shop","Pizza restaurant",,,,"Restaurant","2997530562913082195","Tartu","EE","0x46eb36e6e01258f5:0x29995e2a55cf9b53",,"https://lh5.googleusercontent.com/p/AF1QipNV9z4XDzV1Pw5EkcPaJNgf6_irOcVcQuAmAMSG=w408-h272-k-no","false","58.3818407","26.7227316",,"false","ChIJ9VgS4OY260YRU5vPVSpemSk","51007","€10–20","12","2930","https://www.google.com/maps/search/restaurant/@58.39938681340057,26.72825367897867,17z?hl=en","restaurant",,"Kompanii 10","false","La Dolce Vita","4.6","https://www.google.com/maps/search/?api=1&query=La%20Dolce%20Vita&query_place_id=ChIJ9VgS4OY260YRU5vPVSpemSk"
"Küüni tn 5b, 51004 Tartu, Estonia","Restaurant",,,,,,,"Restaurant","2815855469559493452","Tartu","EE","0x46eb36e0a262ca39:0x2713eda169ef334c",,"https://lh5.googleusercontent.com/p/AF1QipPajmipKqojxLatNW2J_XgeWdFNzfCrZ6lHUP8z=w426-h240-k-no","false","58.3786155","26.7242132",,"false","ChIJOcpiouA260YRTDPvaaHtEyc","51004","€10–20","14","324","https://www.google.com/maps/search/restaurant/@58.35887664601779,26.762555047149345,17z?hl=en","restaurant",,"Küüni tn 5b","false","Ginger Grill Restaurant","4.3","https://www.google.com/maps/search/?api=1&query=Ginger%20Grill%20Restaurant&query_place_id=ChIJOcpiouA260YRTDPvaaHtEyc"
"Küütri 2, 51007 Tartu, Estonia","German restaurant","Beer hall",,,,,,"German restaurant","2160398586055994132","Tartu","EE","0x46eb36e6d2578411:0x1dfb4711571fab14",,"https://lh5.googleusercontent.com/p/AF1QipOKo_n0xoE1US4E5vSs3HKuwrVWsJPs1q_7ZFSA=w408-h272-k-no","false","58.3809562","26.7207659",,"false","ChIJEYRX0uY260YRFKsfVxFH-x0","51007","€10–20","13","1121","https://www.google.com/maps/search/restaurant/@58.39938681340057,26.72825367897867,17z?hl=en","restaurant",,"Küütri 2","false","Restaurant München - Weihenstephaner Wirtshaus","4.5","https://www.google.com/maps/search/?api=1&query=Restaurant%20M%C3%BCnchen%20-%20Weihenstephaner%20Wirtshaus&query_place_id=ChIJEYRX0uY260YRFKsfVxFH-x0"
"Kastani tn 42, 50410 Tartu, Estonia","Restaurant","Delivery service",,,,,,"Restaurant","2752866518984437431","Tartu","EE","0x46eb374689b9852f:0x2634258382222eb7",,"https://lh5.googleusercontent.com/p/AF1QipOhsvyajC9rfTn06oQrlcbxDs9BLxW2FNFMclGF=w408-h272-k-no","false","58.3703859","26.7165481",,"false","ChIJL4W5iUY360YRty4igoMlNCY","50410","€10–20","16","1801","https://www.google.com/maps/search/restaurant/@58.35887664601779,26.762555047149345,17z?hl=en","restaurant",,"Kastani tn 42","false","Kolm Tilli","4.5","https://www.google.com/maps/search/?api=1&query=Kolm%20Tilli&query_place_id=ChIJL4W5iUY360YRty4igoMlNCY"
"Rüütli 16, 51007 Tartu, Estonia","Restaurant","Cafe",,,,,,"Restaurant","863737270405102566","Tartu","EE","0x46eb36e6c3b48a3d:0xbfc9c789dc2fbe6",,"https://lh5.googleusercontent.com/p/AF1QipPJXvG22Aq_CaFnnP5aGWRd_p56bEshM7RH9QSB=w408-h272-k-no","false","58.381903","26.721284",,"false","ChIJPYq0w-Y260YR5vvCnXic_As","51007","€10–20","14","1055","https://www.google.com/maps/search/restaurant/@58.39938681340057,26.72825367897867,17z?hl=en","restaurant",,"Rüütli 16","false","Crepp","4.6","https://www.google.com/maps/search/?api=1&query=Crepp&query_place_id=ChIJPYq0w-Y260YR5vvCnXic_As"
"Riia tn 4, 51004 Tartu, Estonia","Restaurant",,,,,,,"Restaurant","15834414814228913184","Tartu","EE","0x46eb3741cfbdbd7b:0xdbbf2461144c1c20",,"https://lh5.googleusercontent.com/p/AF1QipNaCN48Arp-4sKMqPWx8KDc_gynejhc8sGDhq5I=w480-h240-k-no","false","58.3767895","26.727443",,"false","ChIJe729z0E360YRIBxMFGEkv9s","51004","££","17","298","https://www.google.com/maps/search/restaurant/@58.39938681340057,26.72825367897867,17z?hl=en","restaurant",,"Riia tn 4","false","Humal BISTRO","4.5","https://www.google.com/maps/search/?api=1&query=Humal%20BISTRO&query_place_id=ChIJe729z0E360YRIBxMFGEkv9s"
"Soola tn 10-1, 51004 Tartu, Estonia","Barbecue restaurant",,,,,,,"Barbecue restaurant","12599153072159519922","Tartu","EE","0x46eb37fb88548597:0xaed92ef748d6f4b2",,"https://lh5.googleusercontent.com/p/AF1QipOMBRd6UikjanrJmpUh2Wx4WRESMVkpI9RbM7j5=w408-h306-k-no","false","58.3789112","26.7333821",,"false","ChIJl4VUiPs360YRsvTWSPcu2a4","51004","€10–20","17","146","https://www.google.com/maps/search/restaurant/@58.35887664601779,26.762555047149345,17z?hl=en","restaurant",,"Soola tn 10-1","false","Tartu Grill OÜ","4.1","https://www.google.com/maps/search/?api=1&query=Tartu%20Grill%20O%C3%9C&query_place_id=ChIJl4VUiPs360YRsvTWSPcu2a4"
"Küütri 6, 51007 Tartu, Estonia","Restaurant",,,,,,,"Restaurant","6541748197416577870","Tartu","EE","0x46eb37b3d9c7fc21:0x5ac8f5536d112b4e",,"https://lh5.googleusercontent.com/p/AF1QipPKfkPWbwVZYygIYJA4KaVZ2T89n3cUmJ-HInh0=w408-h306-k-no","false","58.3810938","26.7215003",,"false","ChIJIfzH2bM360YRTisRbVP1yFo","51007","€10–20","19","140","https://www.google.com/maps/search/restaurant/@58.39938681340057,26.72825367897867,17z?hl=en","restaurant",,"Küütri 6","false","Indochina Restoran Tartu","4.4","https://www.google.com/maps/search/?api=1&query=Indochina%20Restoran%20Tartu&query_place_id=ChIJIfzH2bM360YRTisRbVP1yFo"
"Lääneringtee 39, 51014 Tartu, Estonia","Restaurant",,,,,,,"Restaurant","2680832230185949556","Tartu","EE","0x46eb377283baaaa9:0x25343ab5aea6d974",,"https://lh5.googleusercontent.com/p/AF1QipOAREuRya6o4JLdnkfemX8eAhP2Kz4PILWUYaS9=w408-h306-k-no","false","58.3570501","26.6784243",,"false","ChIJqaq6g3I360YRdNmmrrU6NCU","51014","£££","20","360","https://www.google.com/maps/search/restaurant/@58.39938681340057,26.72825367897867,17z?hl=en","restaurant",,"Lääneringtee 39","false","Restoran Fii","4.7","https://www.google.com/maps/search/?api=1&query=Restoran%20Fii&query_place_id=ChIJqaq6g3I360YRdNmmrrU6NCU"
"Vabaduse pst 1, 51013 Tartu, Estonia","Takeaway",,,,,,,"Takeaway","14347500284968445490","Tartu","EE","0x46eb372f49961cdb:0xc71c8f7e2c5c2632",,"https://lh5.googleusercontent.com/p/AF1QipMq-2tHKP_eyiPiN2qoaoO-y1wu84vlBYQfyedc=w408-h544-k-no","false","58.3787003","26.7285813",,"false","ChIJ2xyWSS8360YRMiZcLH6PHMc","51013",,"20","2","https://www.google.com/maps/search/restaurant/@58.35887664601779,26.762555047149345,17z?hl=en","restaurant",,"Vabaduse pst 1","false","Shawarma house","5","https://www.google.com/maps/search/?api=1&query=Shawarma%20house&query_place_id=ChIJ2xyWSS8360YRMiZcLH6PHMc"
"Muuseumi tee 2, 61714 Tartu, Estonia","Restaurant",,,,,,,"Restaurant","17083700285572779369","Tartu","EE","0x46eb36bfdafd5df5:0xed157ee57ace0d69",,"https://lh5.googleusercontent.com/p/AF1QipNdME5MfclI0KmieUzSOb7UH3tY4Qamalav-Ocd=w408-h272-k-no","false","58.3953848","26.7445477",,"false","ChIJ9V392r8260YRaQ3OeuV-Fe0","61714","€1–10","1","50","https://www.google.com/maps/search/restaurant/@58.39488568369137,26.73682902102134,17z?hl=en","restaurant",,"Muuseumi tee 2","false","Eesti Rahva Muuseumi restoran Pööripäev","4.4","https://www.google.com/maps/search/?api=1&query=Eesti%20Rahva%20Muuseumi%20restoran%20P%C3%B6%C3%B6rip%C3%A4ev&query_place_id=ChIJ9V392r8260YRaQ3OeuV-Fe0"
"Mäe 46a, 51008 Tartu, Estonia","Pizza restaurant",,,,,,,"Pizza restaurant","1144737921256457505","Tartu","EE","0x46eb372d87896199:0xfe2ed1305690521",,"http://t2.gstatic.com/images?q=tbn:ANd9GcQhByV2tiyA51abT688QmPyctrBIySkkYW_5xT-rO1Ib6b-33lt","false","58.3890643","26.7327321",,"false","ChIJmWGJhy0360YRIQVpBRPt4g8","51008",,"4","2","https://www.google.com/maps/search/restaurant/@58.39488568369137,26.73682902102134,17z?hl=en","restaurant",,"Mäe 46a","false","PizzaMinisteerium OÜ","5","https://www.google.com/maps/search/?api=1&query=PizzaMinisteerium%20O%C3%9C&query_place_id=ChIJmWGJhy0360YRIQVpBRPt4g8"
"Lutsu tn 3-5, 51006 Tartu, Estonia","Corporate campus","Cafeteria","Function room facility","Live music venue","Restaurant",,,"Corporate campus","9518946359850654147","Tartu","EE","0x46eb36e6a48727a7:0x841a1747dee559c3",,"https://lh5.googleusercontent.com/p/AF1QipPXgAdJgfEoW_B6TPfJoAdY9D21re7275gakrqR=w408-h240-k-no-pi-20-ya328.3178-ro0-fo100","false","58.3821714","26.7185933",,"false","ChIJpyeHpOY260YRw1nl3kcXGoQ","51006",,"5","24","https://www.google.com/maps/search/restaurant/@58.39488568369137,26.73682902102134,17z?hl=en","restaurant",,"Lutsu tn 3-5","false","Antoniuse Õu","4.7","https://www.google.com/maps/search/?api=1&query=Antoniuse%20%C3%95u&query_place_id=ChIJpyeHpOY260YRw1nl3kcXGoQ"
"Magasini tn 5, 51005 Tartu, Estonia","Hamburger restaurant",,,,,,,"Hamburger restaurant","6689446113486413288","Tartu","EE","0x46eb37002528fd01:0x5cd5afcc4a799de8",,"http://t0.gstatic.com/images?q=tbn:ANd9GcRW5QsExXcLt9Tg0WF2HYvzQnMYEaLUl76wb0I_nlI0oER-C8t5","false","58.3834176","26.7219381",,"false","ChIJAf0oJQA360YR6J15Ssyv1Vw","51005","€10–20","8","11","https://www.google.com/maps/search/restaurant/@58.39488568369137,26.73682902102134,17z?hl=en","restaurant",,"Magasini tn 5","false","Äpu Burger","4.8","https://www.google.com/maps/search/?api=1&query=%C3%84pu%20Burger&query_place_id=ChIJAf0oJQA360YR6J15Ssyv1Vw"
"Rüütli, 51007 Tartu, Estonia","Restaurant",,,,,,,"Restaurant","785202950989138435","Tartu","EE","0x46eb373f87de3fef:0xae599ec7a4bca03",,"https://lh5.googleusercontent.com/p/AF1QipMcXbM2HkrJTJon0de1N5xKFeE1ZORZxqUiCzWF=w408-h544-k-no","false","58.3804687","26.7220803",,"false","ChIJ7z_ehz8360YRA8pLeuyZ5Qo",,"€10–20","11","119","https://www.google.com/maps/search/restaurant/@58.39488568369137,26.73682902102134,17z?hl=en","restaurant",,"Rüütli","false","Eesti Pubi Ruuni","2.9","https://www.google.com/maps/search/?api=1&query=Eesti%20Pubi%20Ruuni&query_place_id=ChIJ7z_ehz8360YRA8pLeuyZ5Qo"
"Rüütli 5, 51007 Tartu, Estonia","Bulgarian restaurant",,,,,,,"Bulgarian restaurant","6667813530257813860","Tartu","EE","0x46eb36e72c08153f:0x5c88d514038f7164",,"https://lh5.googleusercontent.com/p/AF1QipNp8yK0qwVR9n9WBHRC33uu14oUK3hdL_9QsSXh=w408-h306-k-no","false","58.3806714","26.7223156",,"false","ChIJPxUILOc260YRZHGPAxTViFw","51007","€10–20","13","257","https://www.google.com/maps/search/restaurant/@58.39488568369137,26.73682902102134,17z?hl=en","restaurant",,"Rüütli 5","false","Restaurant Balkan","4.1","https://www.google.com/maps/search/?api=1&query=Restaurant%20Balkan&query_place_id=ChIJPxUILOc260YRZHGPAxTViFw"
"Raatuse 23, 50603 Tartu, Estonia","Restaurant",,,,,,,"Restaurant","13076537946111006202","Tartu","EE","0x46eb373c86cd4bf7:0xb57931fac1dcd5fa",,"https://lh5.googleusercontent.com/p/AF1QipPvxsaHzfJKTpSWWV3cppj83O67Ch6qpyQVdFQ7=w408-h544-k-no","false","58.3821101","26.7315307",,"false","ChIJ90vNhjw360YR-tXcwfoxebU","50603","€10–20","14","60","https://www.google.com/maps/search/restaurant/@58.39488568369137,26.73682902102134,17z?hl=en","restaurant",,"Raatuse 23","false","TAIKO SUSHI","4.6","https://www.google.com/maps/search/?api=1&query=TAIKO%20SUSHI&query_place_id=ChIJ90vNhjw360YR-tXcwfoxebU"
"Narva mnt 113, 51008 Tartu, Estonia","Pizza restaurant","Fast food restaurant",,,,,,"Pizza restaurant","5882316631699990384","Tartu","EE","0x46eb36e8e6ff49b9:0x51a22fcf88d9a770",,"https://lh5.googleusercontent.com/p/AF1QipPRirHj0YP3VlH48uqgtTxnTO5LEjgL6RtElYHr=w408-h306-k-no","false","58.3880978","26.7276425",,"false","ChIJuUn_5ug260YRcKfZiM8volE","51008","€1–10","16","321","https://www.google.com/maps/search/restaurant/@58.39488568369137,26.73682902102134,17z?hl=en","restaurant",,"Narva mnt 113","false","Kebab Pizza OÜ","4.3","https://www.google.com/maps/search/?api=1&query=Kebab%20Pizza%20O%C3%9C&query_place_id=ChIJuUn_5ug260YRcKfZiM8volE"
"Vabaduse pst 1c, 51004 Tartu, Estonia","Restaurant",,,,,,,"Restaurant","5233662432366404677","Tartu","EE","0x46eb371e3ecc30cb:0x48a1b440cb81a445",,"https://lh5.googleusercontent.com/p/AF1QipPOt7aaADjc0AUqtau8qcQd0nhKxuLPrEXEKUPB=w408-h306-k-no","false","58.379486","26.7274569",,"false","ChIJyzDMPh4360YRRaSBy0C0oUg","51004",,"18","168","https://www.google.com/maps/search/restaurant/@58.39488568369137,26.73682902102134,17z?hl=en","restaurant",,"Vabaduse pst 1c","false","TOKO resto Tartus","4.3","https://www.google.com/maps/search/?api=1&query=TOKO%20resto%20Tartus&query_place_id=ChIJyzDMPh4360YRRaSBy0C0oUg"
"Turu 2, 51004 Tartu, Estonia","Restaurant",,,,,,,"Restaurant","16288950989995691296","Tartu","EE","0x46eb3767f50dd445:0xe20dfa9f7270cd20",,"https://lh5.googleusercontent.com/p/AF1QipOvduR-vp9d9TcnNk4eYLM1TqbJWeZeKJPL7pU=w408-h544-k-no","false","58.3780483","26.7306581",,"false","ChIJRdQN9Wc360YRIM1wcp_6DeI","51004","€10–20","2","31","https://www.google.com/maps/search/restaurant/@58.35887664601779,26.753979705106676,17z?hl=en","restaurant",,"Turu 2","false","Olaf grill resto","4.6","https://www.google.com/maps/search/?api=1&query=Olaf%20grill%20resto&query_place_id=ChIJRdQN9Wc360YRIM1wcp_6DeI"
"Gildi 7, 51007 Tartu, Estonia","Restaurant","Georgian restaurant",,,,,,"Restaurant","2910150301879727488","Tartu","EE","0x46eb37fc22ab2f45:0x2862ee47ea897580",,"https://lh5.googleusercontent.com/p/AF1QipNKcLKs4mQcjvoxpmmGHV6fbwKnl2Wa2FYzX4bv=w408-h306-k-no","false","58.3816154","26.7221782",,"false","ChIJRS-rIvw360YRgHWJ6kfuYig","51007","€10–20","12","289","https://www.google.com/maps/search/restaurant/@58.35887664601779,26.753979705106676,17z?hl=en","restaurant",,"Gildi 7","false","The Grill","4.3","https://www.google.com/maps/search/?api=1&query=The%20Grill&query_place_id=ChIJRS-rIvw360YRgHWJ6kfuYig"
"Hector design hotel, Riia tn 26, 50410 Tartu, Estonia","Persian restaurant",,,,,,,"Persian restaurant","3513562294233918063","Tartu","EE","0x46eb378efb406997:0x30c2ae4a7c04ea6f",,"https://lh5.googleusercontent.com/p/AF1QipPka3dzqv290lkZZvyqmKUykplrHiEVrHNM_LkS=w408-h544-k-no","false","58.3703205","26.7151286",,"false","ChIJl2lA-44360YRb-oEfEquwjA","50410","€10–20","13","27","https://www.google.com/maps/search/restaurant/@58.35887664601779,26.753979705106676,17z?hl=en","restaurant",,"Hector design hotel, Riia tn 26","false","Polobox","4.9","https://www.google.com/maps/search/?api=1&query=Polobox&query_place_id=ChIJl2lA-44360YRb-oEfEquwjA"
"Riia tn 15b, 51003 Tartu, Estonia","Armenian restaurant","Cafe","Family restaurant","Georgian restaurant","Restaurant",,,"Armenian restaurant","4806559647698870736","Tartu","EE","0x46eb37202257fd81:0x42b4548888d161d0",,"https://lh5.googleusercontent.com/p/AF1QipPSPmoENFlGh9yjkAKvXukFwsYNwOf4Cv6Zxlhp=w408-h544-k-no","false","58.3731206","26.7199654",,"false","ChIJgf1XIiA360YR0GHRiIhUtEI","51003","€10–20","14","405","https://www.google.com/maps/search/restaurant/@58.35887664601779,26.753979705106676,17z?hl=en","restaurant",,"Riia tn 15b","false","Smile Restoran","4.6","https://www.google.com/maps/search/?api=1&query=Smile%20Restoran&query_place_id=ChIJgf1XIiA360YR0GHRiIhUtEI"
"Riia tn 4, 51004 Tartu, Estonia","Coffee shop","Breakfast restaurant","Cafe",,,,,"Coffee shop","5494576235769899526","Tartu","EE","0x46eb36de503ecddb:0x4c40a7f9945e2a06",,"https://lh5.googleusercontent.com/p/AF1QipMhre3k3hvOqulkj0Pvxjjr9NzyELN1lGX01i7e=w426-h240-k-no","false","58.3768207","26.7274521",,"false","ChIJ280-UN4260YRBipelPmnQEw","51004","€10–20","16","742","https://www.google.com/maps/search/restaurant/@58.35887664601779,26.753979705106676,17z?hl=en","restaurant",,"Riia tn 4","false","Reval Café Riia mnt","4.5","https://www.google.com/maps/search/?api=1&query=Reval%20Caf%C3%A9%20Riia%20mnt&query_place_id=ChIJ280-UN4260YRBipelPmnQEw"
"Estonia Rüütli 8, 51005 Tartu, Estonia","Cafe","Breakfast restaurant",,,,,,"Cafe","8204048505461107331","Tartu","EE","0x46eb36e6d7a0893b:0x71daa2a618156a83",,"https://lh5.googleusercontent.com/p/AF1QipNpnnK5lnsZynzeoqMDrJW72gSR8t3jO-xmuBuN=w408-h544-k-no","false","58.3811198","26.7219217",,"false","ChIJO4mg1-Y260YRg2oVGKai2nE","51005","€1–10","18","266","https://www.google.com/maps/search/restaurant/@58.35887664601779,26.753979705106676,17z?hl=en","restaurant",,"Estonia Rüütli 8","false","Kohvipaus Tartu","4.6","https://www.google.com/maps/search/?api=1&query=Kohvipaus%20Tartu&query_place_id=ChIJO4mg1-Y260YRg2oVGKai2nE"
"Riia tn 2, 51004 Tartu, Estonia","Fast food restaurant","Health food restaurant","Poke bar",,,,,"Fast food restaurant","14325997336698179907","Tartu","EE","0x46eb376e15c7e827:0xc6d02aace3165143",,"https://lh5.googleusercontent.com/p/AF1QipNl6SxCrwtm1yQhynyVtH5OrwpfNe9q3CNajKhr=w426-h240-k-no","false","58.3770875","26.7294177",,"false","ChIJJ-jHFW4360YRQ1EW46wq0MY","51004","€10–20","19","38","https://www.google.com/maps/search/restaurant/@58.35887664601779,26.753979705106676,17z?hl=en","restaurant",,"Riia tn 2","false","Poké Bowl Tartu Kvartal","4.5","https://www.google.com/maps/search/?api=1&query=Pok%C3%A9%20Bowl%20Tartu%20Kvartal&query_place_id=ChIJJ-jHFW4360YRQ1EW46wq0MY"
"50703 Tartu, Estonia","Restaurant",,,,,,,"Restaurant","11995184390794685498","Tartu","EE","0x46eb36cfd1298417:0xa67774a674a0ac3a",,"https://lh5.googleusercontent.com/p/AF1QipPCByeultj8IsgrEQuRQ9e3jCdmAcDZDFfbSQZj=w408-h307-k-no","false","58.3798359","26.7538954",,"false","ChIJF4Qp0c8260YROqygdKZ0d6Y",,,"21","15","https://www.google.com/maps/search/restaurant/@58.38138229456378,26.753979705106676,17z?hl=en","restaurant",,,"false","Sangari Söökla","4.5","https://www.google.com/maps/search/?api=1&query=Sangari%20S%C3%B6%C3%B6kla&query_place_id=ChIJF4Qp0c8260YROqygdKZ0d6Y"
"Jaama 74, 50605 Tartu, Estonia","Kebab shop",,,,,,,"Kebab shop","16953402213787837031","Tartu","EE","0x46eb379287d0c74f:0xeb46957d8f252267",,"https://lh5.googleusercontent.com/p/AF1QipNbkmjbc5xALmu_Ts5tu8Hzq3yReHN-ajkaPIHm=w408-h306-k-no","false","58.3816149","26.7515457",,"false","ChIJT8fQh5I360YRZyIlj32VRus","50605",,"22","113","https://www.google.com/maps/search/restaurant/@58.38138229456378,26.753979705106676,17z?hl=en","restaurant",,"Jaama 74","false","HAS KEBAB","4.8","https://www.google.com/maps/search/?api=1&query=HAS%20KEBAB&query_place_id=ChIJT8fQh5I360YRZyIlj32VRus"
"Võru 47a, 50111 Tartu, Estonia","Fast food restaurant",,,,,,,"Fast food restaurant","13349577709684960156","Tartu","EE","0x46eb374fb964ec67:0xb9433a32a73eab9c",,"http://t3.gstatic.com/images?q=tbn:ANd9GcSZ5HqVe30FzAF5pGnDFJx0tU_gW82Z_NJ0qP5-ZWDiWWGC7Pxn","false","58.3680389","26.7210445",,"false","ChIJZ-xkuU8360YRnKs-pzI6Q7k","50111","€1–10","16","77","https://www.google.com/maps/search/places%20to%20eat/@58.35887664601779,26.753979705106676,17z?hl=en","places to eat",,"Võru 47a","false","Fusion Kebab","4.3","https://www.google.com/maps/search/?api=1&query=Fusion%20Kebab&query_place_id=ChIJZ-xkuU8360YRnKs-pzI6Q7k"
"Jaama 68a, 50604 Tartu, Estonia","Fast food restaurant",,,,,,,"Fast food restaurant","6611931786638797248","Tartu","EE","0x46eb36c4dd8d579f:0x5bc24cedadb829c0",,"https://lh5.googleusercontent.com/p/AF1QipOtgh547kDjj-RhvoOJs9epQdtQVx2qIZMAj4ib=w408-h544-k-no","false","58.3827629","26.7464008",,"false","ChIJn1eN3cQ260YRwCm4re1Mwls","50604","€1–10","2","792","https://www.google.com/maps/search/places%20to%20eat/@58.38138229456378,26.753979705106676,17z?hl=en","places to eat",,"Jaama 68a","false","Kõverkiosk","4.2","https://www.google.com/maps/search/?api=1&query=K%C3%B5verkiosk&query_place_id=ChIJn1eN3cQ260YRwCm4re1Mwls"
"Anne tn 38, 50601 Tartu, Estonia","Fast food restaurant",,,,,,,"Fast food restaurant","15246973003537834767","Tartu","EE","0x46eb36d0415dd27f:0xd398212a2fd7e30f",,"https://lh5.googleusercontent.com/p/AF1QipOAr1tkZSli9JQU6DPcw7QhEgNyf0aH1aooUtN5=w408-h269-k-no","false","58.3782264","26.7509607",,"false","ChIJf9JdQdA260YRD-PXLyohmNM","50601","€1–10","9","1041","https://www.google.com/maps/search/places%20to%20eat/@58.38138229456378,26.753979705106676,17z?hl=en","places to eat",,"Anne tn 38","false","Hesburger Anne","3.8","https://www.google.com/maps/search/?api=1&query=Hesburger%20Anne&query_place_id=ChIJf9JdQdA260YRD-PXLyohmNM"
"Turu 2, 51013 Tartu, Estonia","Restaurant",,,,,,,"Restaurant","13021452273562381956","Tartu","EE","0x46eb36de88ded273:0xb4b57dda29636e84",,"https://lh5.googleusercontent.com/p/AF1QipO0Flz6jojRAePNqsmVyu_EtU9_PEU4HeXLNCN7=w408-h306-k-no","false","58.3776685","26.7302725",,"false","ChIJc9LeiN4260YRhG5jKdp9tbQ","51013","€20–30","13","572","https://www.google.com/maps/search/places%20to%20eat/@58.38138229456378,26.753979705106676,17z?hl=en","places to eat",,"Turu 2","false","BabyBack Ribs & BBQ, Tasku","4.2","https://www.google.com/maps/search/?api=1&query=BabyBack%20Ribs%20%26%20BBQ%2C%20Tasku&query_place_id=ChIJc9LeiN4260YRhG5jKdp9tbQ"
"Turu 2, 51004 Tartu, Estonia","Restaurant",,,,,,,"Restaurant","8912866817209957358","Tartu","EE","0x46eb36de887a01ab:0x7bb0dd25da2a7bee",,"http://t2.gstatic.com/images?q=tbn:ANd9GcSZVvAR0S57dei3CMrQ49rCxF6WIVqEi9hKaGHfQqoq-yMoQzm5","false","58.3778461","26.7301627",,"false","ChIJqwF6iN4260YR7nsq2iXdsHs","51004","€10–20","14","636","https://www.google.com/maps/search/places%20to%20eat/@58.38138229456378,26.753979705106676,17z?hl=en","places to eat",,"Turu 2","false","Da Vinci Pasta & Pizza","4.5","https://www.google.com/maps/search/?api=1&query=Da%20Vinci%20Pasta%20%26%20Pizza&query_place_id=ChIJqwF6iN4260YR7nsq2iXdsHs"
"Raekoja plats 6, 51007 Tartu, Estonia","Restaurant",,,,,,,"Restaurant","9754427856465301073","Tartu","EE","0x46eb36e72a5445ad:0x875eb0744bca0e51",,"https://lh5.googleusercontent.com/p/AF1QipOruH8QFzBrn-X2MlJwRNIa9EMX5vpsCmgPvbCW=w408-h306-k-no","false","58.3805293","26.7220565",,"false","ChIJrUVUKuc260YRUQ7KS3SwXoc","51007","€10–20","15","488","https://www.google.com/maps/search/places%20to%20eat/@58.38138229456378,26.753979705106676,17z?hl=en","places to eat",,"Raekoja plats 6","false","Ruunipizza ja Pannkoogikohvik","3.4","https://www.google.com/maps/search/?api=1&query=Ruunipizza%20ja%20Pannkoogikohvik&query_place_id=ChIJrUVUKuc260YRUQ7KS3SwXoc"
"Riia tn 2, 51004 Tartu, Estonia","Restaurant","Italian restaurant",,,,,,"Restaurant","7346922541354951038","Tartu","EE","0x46eb36de5a157915:0x65f583202dc5a17e",,"https://lh5.googleusercontent.com/p/AF1QipO4R68hMcS-hVJ6Qork8W8j_83e9ZeBZFu-WHlQ=w408-h306-k-no","false","58.3766351","26.7285384",,"false","ChIJFXkVWt4260YRfqHFLSCD9WU","51004","€10–20","17","2098","https://www.google.com/maps/search/places%20to%20eat/@58.38138229456378,26.753979705106676,17z?hl=en","places to eat",,"Riia tn 2","false","Vapiano Tartu","4.3","https://www.google.com/maps/search/?api=1&query=Vapiano%20Tartu&query_place_id=ChIJFXkVWt4260YRfqHFLSCD9WU"
"Vabaduse pst 3, 51004 Tartu, Estonia","Fast food restaurant",,,,,,,"Fast food restaurant","17058407198919150907","Tartu","EE","0x46eb36e74694268b:0xecbba2f7d58acd3b",,"https://lh5.googleusercontent.com/p/AF1QipPI3_9-flt6Bu2ZdH3JOqu5Yc514DVoV5N_0obs=w408-h269-k-no","false","58.3808022","26.7251835",,"false","ChIJiyaURuc260YRO82K1feiu-w","51004","€1–10","18","793","https://www.google.com/maps/search/places%20to%20eat/@58.38138229456378,26.753979705106676,17z?hl=en","places to eat",,"Vabaduse pst 3","false","Hesburger Raekoja plats","3.9","https://www.google.com/maps/search/?api=1&query=Hesburger%20Raekoja%20plats&query_place_id=ChIJiyaURuc260YRO82K1feiu-w"
"Kastani tn 42, 50410 Tartu, Estonia","Restaurant",,,,,,,"Restaurant","9568923681149744278","Tartu","EE","0x46eb371f5850c37b:0x84cba563c1c0f496",,"https://lh5.googleusercontent.com/p/AF1QipN286rhqNJzC9iXiRqrwZoYIAjG0GPyl_6x3aCG=w426-h240-k-no","false","58.3709072","26.7158609",,"false","ChIJe8NQWB8360YRlvTAwWOly4Q","50410","€10–20","1","641","https://www.google.com/maps/search/places%20to%20eat/@58.36337777572699,26.702527652850666,17z?hl=en","places to eat",,"Kastani tn 42","false","Trikster Tihane","4.4","https://www.google.com/maps/search/?api=1&query=Trikster%20Tihane&query_place_id=ChIJe8NQWB8360YRlvTAwWOly4Q"
"Kastani tn 42, 50410 Tartu, Estonia","Restaurant",,,,,,,"Restaurant","9639794764849194389","Tartu","EE","0x46eb3721e2258a0f:0x85c76e43ca81a595",,"https://lh5.googleusercontent.com/p/AF1QipNunOQ_OghGTx5gMlzyVO1mT__qSesTXgnc4gJr=w408-h272-k-no","false","58.3705694","26.7162725",,"false","ChIJD4ol4iE360YRlaWBykNux4U","50410","€10–20","4","1999","https://www.google.com/maps/search/places%20to%20eat/@58.36337777572699,26.702527652850666,17z?hl=en","places to eat",,"Kastani tn 42","false","Restoran Aparaat","4.6","https://www.google.com/maps/search/?api=1&query=Restoran%20Aparaat&query_place_id=ChIJD4ol4iE360YRlaWBykNux4U"
"Võru 79, 50112 Tartu, Estonia","Fast food restaurant","Breakfast restaurant",,,,,,"Fast food restaurant","9010828436975171100","Tartu","EE","0x46eb373a19092adf:0x7d0ce4b8d5e4b61c",,"https://lh5.googleusercontent.com/p/AF1QipNFm4i-FoTCOilEABw0HWnRbWn9EoAnjdazrl9N=w408-h306-k-no","false","58.3565597","26.7208972",,"false","ChIJ3yoJGTo360YRHLbk1bjkDH0","50112","€1–10","10","1374","https://www.google.com/maps/search/places%20to%20eat/@58.36337777572699,26.702527652850666,17z?hl=en","places to eat",,"Võru 79","false","Fasters Eesti OÜ","4.1","https://www.google.com/maps/search/?api=1&query=Fasters%20Eesti%20O%C3%9C&query_place_id=ChIJ3yoJGTo360YRHLbk1bjkDH0"
"Aardla 27, 50110 Tartu, Estonia","Pizza restaurant",,,,,,,"Pizza restaurant","1355668337724146023","Tartu","EE","0x46eb370da6d83fe9:0x12d04d2ba74ac167",,"https://lh5.googleusercontent.com/p/AF1QipMLeVM2OtIWq-cR0acQdz8cWvuN1mvZVbX7uhg=w408-h544-k-no","false","58.3550856","26.7123669",,"false","ChIJ6T_Ypg0360YRZ8FKpytN0BI","50110","€1–10","12","25","https://www.google.com/maps/search/places%20to%20eat/@58.36337777572699,26.702527652850666,17z?hl=en","places to eat",,"Aardla 27","false","Aardla Pizzakeskus","4.6","https://www.google.com/maps/search/?api=1&query=Aardla%20Pizzakeskus&query_place_id=ChIJ6T_Ypg0360YRZ8FKpytN0BI"
"Vaksali tn 17a, 50410 Tartu, Estonia","Restaurant",,,,,,,"Restaurant","1634215582476980923","Tartu","EE","0x46eb37ee358f140b:0x16ade669eff2d2bb",,"https://lh5.googleusercontent.com/p/AF1QipP34EhBkiPQKKgZ7nMCiuaWMNQeigT3opHs0kQd=w408-h544-k-no","false","58.3728471","26.7096023",,"false","ChIJCxSPNe4360YRu9Ly72nmrRY","50410","€1–10","17","73","https://www.google.com/maps/search/places%20to%20eat/@58.36337777572699,26.702527652850666,17z?hl=en","places to eat",,"Vaksali tn 17a","false","Kohvik Vaksali","4.7","https://www.google.com/maps/search/?api=1&query=Kohvik%20Vaksali&query_place_id=ChIJCxSPNe4360YRu9Ly72nmrRY"
"Võru 132a, 50111 Tartu, Estonia","Restaurant",,,,,,,"Restaurant","3768721461303956309","Tartu","EE","0x46eb377a3c55bd1f:0x344d30339669d355",,"https://lh5.googleusercontent.com/p/AF1QipMBNyHlgmea8B7EdQr-dZmPXodOmviCZyFvpDXc=w408-h306-k-no","false","58.3644646","26.7217919",,"false","ChIJH71VPHo360YRVdNpljMwTTQ","50111","€10–20","18","232","https://www.google.com/maps/search/places%20to%20eat/@58.36337777572699,26.702527652850666,17z?hl=en","places to eat",,"Võru 132a","false","Yellow Chilli restoran","4.5","https://www.google.com/maps/search/?api=1&query=Yellow%20Chilli%20restoran&query_place_id=ChIJH71VPHo360YRVdNpljMwTTQ"
"Kastani tn 42, 50410 Tartu, Estonia","Vegan restaurant",,,,,,,"Vegan restaurant","10344168158775885606","Tartu","EE","0x46eb37b1db0365ff:0x8f8dde2278be3f26",,"https://lh5.googleusercontent.com/p/AF1QipMoDof8kTscfEkUcpvtt9RJbnijCmgFGrk-Nnl3=w408-h611-k-no","false","58.3706676","26.716103",,"false","ChIJ_2UD27E360YRJj--eCLejY8","50410","€10–20","19","128","https://www.google.com/maps/search/places%20to%20eat/@58.36337777572699,26.702527652850666,17z?hl=en","places to eat",,"Kastani tn 42","false","Veg Machine Tartu","4.8","https://www.google.com/maps/search/?api=1&query=Veg%20Machine%20Tartu&query_place_id=ChIJ_2UD27E360YRJj--eCLejY8"
"Ülikooli 20, 51007 Tartu, Estonia","Restaurant",,,,,,,"Restaurant","18436339622508041327","Tartu","EE","0x46eb36e6d29fe33f:0xffdb0934ee0d146f",,"https://lh5.googleusercontent.com/p/AF1QipOS8A8qB9IJLo0MqgVy6GWiS6xtpnsymJV0WN75=w408-h306-k-no","false","58.3816246","26.7199762",,"false","ChIJP-Of0uY260YRbxQN7jQJ2_8","51007","€1–10","5","339","https://www.google.com/maps/search/places%20to%20eat/@58.39038455398217,26.72825367897867,17z?hl=en","places to eat",,"Ülikooli 20","false","Ülikooli Kohvik / DRINKGELD","4.6","https://www.google.com/maps/search/?api=1&query=%C3%9Clikooli%20Kohvik%20%2F%20DRINKGELD&query_place_id=ChIJP-Of0uY260YRbxQN7jQJ2_8"
"Küüni tn 2, 51004 Tartu, Estonia","Irish pub",,,,,,,"Irish pub","9820809524081083315","Tartu","EE","0x46eb36e0cc1a4ef9:0x884a863ab1a043b3",,"https://lh5.googleusercontent.com/p/AF1QipMHhLeOOdOpyrTd30oSKNlopXygPKcig3boiR9U=w408-h544-k-no","false","58.37989","26.7232751",,"false","ChIJ-U4azOA260YRs0OgsTqGSog","51004","€10–20","18","2715","https://www.google.com/maps/search/places%20to%20eat/@58.39038455398217,26.72825367897867,17z?hl=en","places to eat",,"Küüni tn 2","false","Pahad Poisid","4.4","https://www.google.com/maps/search/?api=1&query=Pahad%20Poisid&query_place_id=ChIJ-U4azOA260YRs0OgsTqGSog"
"Lutsu tn 3, 51006 Tartu, Estonia","Cafe","Italian Food Shop","Pizza restaurant",,,,,"Cafe","8167481702959092739","Tartu","EE","0x46eb371f5f1f709b:0x7158b955ee611403",,"https://lh5.googleusercontent.com/p/AF1QipPiApmlvffBujJ1khrOdEWEgfFu5k1xV5dSWIHh=w426-h240-k-no","false","58.3821714","26.7185933",,"false","ChIJm3AfXx8360YRAxRh7lW5WHE","51006","€10–20","19","159","https://www.google.com/maps/search/places%20to%20eat/@58.39038455398217,26.72825367897867,17z?hl=en","places to eat",,"Lutsu tn 3","false","MyItaly Toidustuudio","4.8","https://www.google.com/maps/search/?api=1&query=MyItaly%20Toidustuudio&query_place_id=ChIJm3AfXx8360YRAxRh7lW5WHE"
"51004 Tartu, Estonia","Pub",,,,,,,"Pub","6777377352653680005","Tartu","EE","0x46eb36de8c0a9821:0x5e0e14cb4db32d85",,"https://lh5.googleusercontent.com/p/AF1QipOZpwPVUgRHU4Fn236Gl0Gs7Ma6g3CcV0vw6TjC=w408-h306-k-no","false","58.3777738","26.7315522",,"false","ChIJIZgKjN4260YRhS2zTcsUDl4",,"€10–20","13","1026","https://www.google.com/maps/search/places%20to%20eat/@58.37688116485458,26.73682902102134,17z?hl=en","places to eat",,,"false","Ränduri pub","4.4","https://www.google.com/maps/search/?api=1&query=R%C3%A4nduri%20pub&query_place_id=ChIJIZgKjN4260YRhS2zTcsUDl4"
"Kalevi tn 13, 51010 Tartu, Estonia","Restaurant","Family restaurant",,,,,,"Restaurant","1555133894570684129","Tartu","EE","0x46eb36df10ed66cd:0x1594f209a40e2ee1",,"https://lh5.googleusercontent.com/p/AF1QipOSqOOuJ6b4nyXpBwK6RI2Nv8WSt5RFbM417oND=w408-h408-k-no","false","58.3746643","26.7286911",,"false","ChIJzWbtEN8260YR4S4OpAnylBU","51010","€20–30","16","648","https://www.google.com/maps/search/places%20to%20eat/@58.37688116485458,26.73682902102134,17z?hl=en","places to eat",,"Kalevi tn 13","false","Restoran Spargel","4.7","https://www.google.com/maps/search/?api=1&query=Restoran%20Spargel&query_place_id=ChIJzWbtEN8260YR4S4OpAnylBU"
"Riia tn 2, 51004 Tartu, Estonia","Restaurant",,,,,,,"Restaurant","7467529479229017345","Tartu","EE","0x46eb36de5f7717ef:0x67a1fe7f27340d01",,"https://lh5.googleusercontent.com/p/AF1QipPfA8_Hajkc3ti4yWO0mDbGXZGtWPAcYXc_cZ9T=w408-h306-k-no","false","58.3771351","26.7293075",,"false","ChIJ7xd3X94260YRAQ00J3_-oWc","51004","€10–20","17","330","https://www.google.com/maps/search/places%20to%20eat/@58.37688116485458,26.73682902102134,17z?hl=en","places to eat",,"Riia tn 2","false","CHI Restoran & Take Away","4","https://www.google.com/maps/search/?api=1&query=CHI%20Restoran%20%26%20Take%20Away&query_place_id=ChIJ7xd3X94260YRAQ00J3_-oWc"
"Turu 2, 51014 Tartu, Estonia","Sushi restaurant",,,,,,,"Sushi restaurant","15976123074868236307","Tartu","EE","0x46eb36de8f30aa61:0xddb6974a9d715013",,"https://lh5.googleusercontent.com/p/AF1QipOEJJBeNud70_nf160D92K4hGq2PD2Kp7AhIeDU=w408-h306-k-no","false","58.3776731","26.7305032",,"false","ChIJYaowj94260YRE1BxnUqXtt0","51014","££","25","348","https://www.google.com/maps/search/places%20to%20eat/@58.37688116485458,26.73682902102134,17z?hl=en","places to eat",,"Turu 2","false","Yakuza Sushi Bar","4.4","https://www.google.com/maps/search/?api=1&query=Yakuza%20Sushi%20Bar&query_place_id=ChIJYaowj94260YRE1BxnUqXtt0"
"Ringtee 75, 50501 Tartu, Estonia","Restaurant",,,,,,,"Restaurant","2853270231281908613","Tartu","EE","0x46eb3772ea3cf89f:0x2798da2877c13b85",,"https://lh5.googleusercontent.com/p/AF1QipO_k_mkjmN4oBmG2yDKvvK6K0q2PJV70AUVYpY=w408-h544-k-no","false","58.3583889","26.6758445",,"false","ChIJn_g86nI360YRhTvBdyjamCc","50501","€1–20","5","109","https://www.google.com/maps/search/places%20to%20eat/@58.35887664601779,26.68537696876533,17z?hl=en","places to eat",,"Ringtee 75","false","Kohvik Nobel","4.5","https://www.google.com/maps/search/?api=1&query=Kohvik%20Nobel&query_place_id=ChIJn_g86nI360YRhTvBdyjamCc"
"Ringtee 75, 50501 Tartu, Estonia","Pizza Takeout","Pizza restaurant",,,,,,"Pizza Takeout","5759587202805120938","Tartu","EE","0x46eb3772a29291dd:0x4fee2a0b9c15bfaa",,"https://lh5.googleusercontent.com/p/AF1QipP-sF-rEkF_o89hTbFVeru1BgZCpVGNnkYYh_xC=w426-h240-k-no","false","58.358068","26.676483",,"false","ChIJ3ZGSonI360YRqr8VnAsq7k8","50501","€10–20","12","169","https://www.google.com/maps/search/places%20to%20eat/@58.35887664601779,26.68537696876533,17z?hl=en","places to eat",,"Ringtee 75","false","Tartu Lõuna Pizzakiosk","4.3","https://www.google.com/maps/search/?api=1&query=Tartu%20L%C3%B5una%20Pizzakiosk&query_place_id=ChIJ3ZGSonI360YRqr8VnAsq7k8"
"Võru 2, 51010 Tartu, Estonia","Fast food restaurant",,,,,,,"Fast food restaurant","16785066481940763709","Tartu","EE","0x46eb3735dc7c05f1:0xe8f08908c365143d",,"https://lh5.googleusercontent.com/p/AF1QipMxK1M4yNO2x-jVGtfRF5VA3k-c7d4kM2v_z1-y=w408-h306-k-no","false","58.3738677","26.7233444",,"false","ChIJ8QV83DU360YRPRRlwwiJ8Og","51010",,"16","76","https://www.google.com/maps/search/places%20to%20eat/@58.38138229456378,26.745404363064008,17z?hl=en","places to eat",,"Võru 2","false","Cayenne Chilli","4.7","https://www.google.com/maps/search/?api=1&query=Cayenne%20Chilli&query_place_id=ChIJ8QV83DU360YRPRRlwwiJ8Og"
"Näituse tn 7, 50409 Tartu, Estonia","Asian restaurant",,,,,,,"Asian restaurant","4351286779101998164","Tartu","EE","0x46eb36e28b20bced:0x3c62e045803a6c54",,"https://lh5.googleusercontent.com/p/AF1QipPoUtllg4CgSss_9r5ceOY8z1wO6jFO2wxnddGj=w460-h240-k-no","false","58.3789722","26.7078511",,"false","ChIJ7bwgi-I260YRVGw6gEXgYjw","50409","€10–20","14","383","https://www.google.com/maps/search/places%20to%20eat/@58.37688116485458,26.693952310807997,17z?hl=en","places to eat",,"Näituse tn 7","false","Restoran Red Chilli","4.2","https://www.google.com/maps/search/?api=1&query=Restoran%20Red%20Chilli&query_place_id=ChIJ7bwgi-I260YRVGw6gEXgYjw"
"Ülikooli 15, 51003 Tartu, Estonia","Restaurant","Hotel",,,,,,"Restaurant","18267870385679109800","Tartu","EE","0x46eb36e6d29fa885:0xfd84835415480ea8",,"https://lh5.googleusercontent.com/p/AF1QipPk7HabqYJ4xufUNkQNx2XxU8I19R1L_nR6VhFW=w408-h272-k-no","false","58.3811419","26.7207277",,"false","ChIJhaif0uY260YRqA5IFVSDhP0","51003","$104","7","334","https://www.google.com/maps/search/places%20to%20eat/@58.385883424272976,26.711102994893334,17z?hl=en","places to eat",,"Ülikooli 15","false","Antonius Hotel","4.8","https://www.google.com/maps/search/?api=1&query=Antonius%20Hotel&query_place_id=ChIJhaif0uY260YRqA5IFVSDhP0"
"Ülikooli 5, 51003 Tartu, Estonia","Sushi restaurant",,,,,,,"Sushi restaurant","17322532934361659544","Tartu","EE","0x46eb36e420ba9bdd:0xf065ffecd2a1b898",,"https://lh5.googleusercontent.com/p/AF1QipN5qR5XwH8KKtJVmmG6S60Yvq-MhOAz93-asvqC=w426-h240-k-no","false","58.3793423","26.7225021",,"false","ChIJ3Zu6IOQ260YRmLih0uz_ZfA","51003","$$","20","467","https://www.google.com/maps/search/places%20to%20eat/@58.39488568369137,26.67680162672266,17z?hl=en","places to eat",,"Ülikooli 5","false","Tokyo sushibaar","4.5","https://www.google.com/maps/search/?api=1&query=Tokyo%20sushibaar&query_place_id=ChIJ3Zu6IOQ260YRmLih0uz_ZfA"
"Väike-Tähe 20, 51010 Tartu, Estonia","Kebab shop","Fast food restaurant","Restaurant",,,,,"Kebab shop","2664623317165612413","Tartu","EE","0x46eb37b98e02f66f:0x24faa4ca07e11d7d",,"https://lh5.googleusercontent.com/p/AF1QipNFaHK5HbOP3xyzfst8Z_PUbtEkzRik4ESS9wUC=w426-h240-k-no","false","58.3722619","26.7204367",,"false","ChIJb_YCjrk360YRfR3hB8qk-iQ","51010","€1–10","15","619","https://www.google.com/maps/search/places%20to%20eat/@58.37238003514538,26.711102994893334,17z?hl=en","places to eat",,"Väike-Tähe 20","false","KEBAB STOP","4.6","https://www.google.com/maps/search/?api=1&query=KEBAB%20STOP&query_place_id=ChIJb_YCjrk360YRfR3hB8qk-iQ"
"Vanemuise tn 26, 51003 Tartu, Estonia","Pizza restaurant",,,,,,,"Pizza restaurant","13508951079370450247","Tartu","EE","0x46eb36e0062ae249:0xbb796f6ee6016547",,"https://lh5.googleusercontent.com/p/AF1QipN2bOGk94hs5O-eAmaa0eRtd0f5cW286chsjG-b=w426-h240-k-no","false","58.3753344","26.7205675",,"false","ChIJSeIqBuA260YRR2UB5m5vebs","51003","€1–10","19","747","https://www.google.com/maps/search/places%20to%20eat/@58.37238003514538,26.711102994893334,17z?hl=en","places to eat",,"Vanemuise tn 26","false","Opera Pizza","4.5","https://www.google.com/maps/search/?api=1&query=Opera%20Pizza&query_place_id=ChIJSeIqBuA260YRR2UB5m5vebs"
"Võru 2, 51010 Tartu, Estonia","Kebab shop",,,,,,,"Kebab shop","8285565183524133850","Tartu","EE","0x46eb37cec5363b2f:0x72fc3da2b74cdbda",,"http://t2.gstatic.com/images?q=tbn:ANd9GcTUlAZssHamQRjmqLrWjNarKATHbYJhPvnGnqLYrGZ-f7aS1BBz","false","58.3738677","26.7233444",,"false","ChIJLzs2xc4360YR2ttMt6I9_HI","51010","€1–10","6","340","https://www.google.com/maps/search/places%20to%20eat/@58.37238003514538,26.719678336936003,17z?hl=en","places to eat",,"Võru 2","false","HAS KEBAB","4.7","https://www.google.com/maps/search/?api=1&query=HAS%20KEBAB&query_place_id=ChIJLzs2xc4360YR2ttMt6I9_HI"
"Riia tn 7, 51010 Tartu, Estonia","Pizza restaurant",,,,,,,"Pizza restaurant","4202997248256052515","Tartu","EE","0x46eb36df94db7cc9:0x3a540bba963f0d23",,"https://lh5.googleusercontent.com/p/AF1QipMOrxEPreQMfCrcowO-F0jw5PMUltax1u1q4wZe=w426-h240-k-no","false","58.3750158","26.7240487",,"false","ChIJyXzblN8260YRIw0_lroLVDo","51010","€1–10","14","252","https://www.google.com/maps/search/places%20to%20eat/@58.37238003514538,26.719678336936003,17z?hl=en","places to eat",,"Riia tn 7","false","Pappa Pizza","4.4","https://www.google.com/maps/search/?api=1&query=Pappa%20Pizza&query_place_id=ChIJyXzblN8260YRIw0_lroLVDo"
"Kalevi tn 1, 51010 Tartu, Estonia","Restaurant",,,,,,,"Restaurant","18336319589809585014","Tartu","EE","0x46eb36dfb2c82953:0xfe77b18456a2fb76",,"https://lh5.googleusercontent.com/p/AF1QipNKrNPEMIpqm3mWNISm_GySFO86iedQBtQwIZoD=w408-h306-k-no","false","58.3759666","26.7263737",,"false","ChIJUynIst8260YRdvuiVoSxd_4","51010","€1–10","17","105","https://www.google.com/maps/search/places%20to%20eat/@58.37238003514538,26.719678336936003,17z?hl=en","places to eat",,"Kalevi tn 1","true","Kohtu kohvik OÜ","4.5","https://www.google.com/maps/search/?api=1&query=Kohtu%20kohvik%20O%C3%9C&query_place_id=ChIJUynIst8260YRdvuiVoSxd_4"
"Vallikraavi tn 6, 51003 Tartu, Estonia","Pizza restaurant",,,,,,,"Pizza restaurant","2840884431165266888","Tartu","EE","0x46eb3735475e4f0f:0x276cd956a78b1bc8",,"https://lh5.googleusercontent.com/p/AF1QipPtC0COSbn4-EzFzRWz9pi4HKgidhe3NTJjRy29=w408-h306-k-no","false","58.3778593","26.7215949",,"false","ChIJD09eRzU360YRyBuLp1bZbCc","51003","££","31","238","https://www.google.com/maps/search/places%20to%20eat/@58.37688116485458,26.72825367897867,17z?hl=en","places to eat",,"Vallikraavi tn 6","false","Ihamaru Pizza & Käbliku Brewery Taproom","4.8","https://www.google.com/maps/search/?api=1&query=Ihamaru%20Pizza%20%26%20K%C3%A4bliku%20Brewery%20Taproom&query_place_id=ChIJD09eRzU360YRyBuLp1bZbCc"
"Küüni tn 7, 51004 Tartu, Estonia","Pub",,,,,,,"Pub","12698054318879066347","Tartu","EE","0x46eb370999aefc81:0xb0388d203766c8eb",,"https://lh5.googleusercontent.com/p/AF1QipOa5VpRV6anLPGylyDSRk1GDWQo8OxWgSUPzRjn=w408-h306-k-no","false","58.3783342","26.7248423",,"false","ChIJgfyumQk360YR68hmNyCNOLA","51004","££","33","492","https://www.google.com/maps/search/places%20to%20eat/@58.37688116485458,26.72825367897867,17z?hl=en","places to eat",,"Küüni tn 7","false","Chaplin pubi","4.5","https://www.google.com/maps/search/?api=1&query=Chaplin%20pubi&query_place_id=ChIJgfyumQk360YR68hmNyCNOLA"
"Vabaduse pst 1, 51013 Tartu, Estonia","Kebab Shop",,,,,,,"Kebab Shop","4598115502554443410","Tartu","EE","0x46eb37dd4aa072dd:0x3fcfc9b00df96e92",,"https://lh5.googleusercontent.com/p/AF1QipOppFiuq7FHFTzUVzJK9uzBx__kmT6wTYD9MzT3=w416-h240-k-no","false","58.3783794","26.7287343",,"false","ChIJ3XKgSt0360YRkm75DbDJzz8","51013",,"34","53","https://www.google.com/maps/search/places%20to%20eat/@58.37688116485458,26.72825367897867,17z?hl=en","places to eat",,"Vabaduse pst 1","false","KEBAB CORNER","4.6","https://www.google.com/maps/search/?api=1&query=KEBAB%20CORNER&query_place_id=ChIJ3XKgSt0360YRkm75DbDJzz8"
"Riia tn 1a, 51004 Tartu, Estonia","Japanese restaurant",,,,,,,"Japanese restaurant","14979849059915355260","Tartu","EE","0x46eb36de6b000001:0xcfe31d5a7539547c",,"https://lh5.googleusercontent.com/p/AF1QipMQkT3QaFe3YHik7Of8KATVJZ-CyADQ88M7ip4B=w425-h240-k-no","false","58.3779036","26.7274476",,"false","ChIJAQAAa94260YRfFQ5dVod488","51004","££","35","441","https://www.google.com/maps/search/places%20to%20eat/@58.37688116485458,26.72825367897867,17z?hl=en","places to eat",,"Riia tn 1a","false","Tokumaru Tartu Kaubamaja","4.5","https://www.google.com/maps/search/?api=1&query=Tokumaru%20Tartu%20Kaubamaja&query_place_id=ChIJAQAAa94260YRfFQ5dVod488"
"Vabaduse pst 1, 51004 Tartu, Estonia","Coffee stand","Fast food restaurant",,,,,,"Coffee stand","12248195116826600571","Tartu","EE","0x46eb36e6debb6ef7:0xa9fa5490a61fa47b",,"https://lh5.googleusercontent.com/p/AF1QipP7QN10KPB9BLp97fsZB0LpF0A9qWnDT156qKg=w426-h240-k-no","false","58.3787003","26.7285813",,"false","ChIJ92673uY260YRe6QfppBU-qk","51004","££","38","927","https://www.google.com/maps/search/places%20to%20eat/@58.37688116485458,26.72825367897867,17z?hl=en","places to eat",,"Vabaduse pst 1","true","Sheriff Saloon","4.4","https://www.google.com/maps/search/?api=1&query=Sheriff%20Saloon&query_place_id=ChIJ92673uY260YRe6QfppBU-qk"
"Küüni tn 5b, 51004 Tartu, Estland","Café",,,,,,,"Café","17598346314222915035","Tartu","EE","0x46eb36e0a14c56b7:0xf439e2bb958fcddb",,"https://lh5.googleusercontent.com/p/AF1QipM5zbTDb9eE3Kmd1Nv1BpmL-HgAXdIhngdefFea=w408-h905-k-no","false","58.3786778","26.7242778",,"false","ChIJt1ZMoeA260YR282PlbviOfQ","51004","€€","21","320","https://www.google.com/maps/search/places%20to%20eat/@58.37688116485458,26.719678336936003,17z?hl=en","places to eat",,"Küüni tn 5b","false","Caffeine EE","4.6","https://www.google.com/maps/search/?api=1&query=Caffeine%20EE&query_place_id=ChIJt1ZMoeA260YR282PlbviOfQ"
"Riia tn 1, 51004 Tartu, Estland","Café",,,,,,,"Café","10117585320035735158","Tartu","EE","0x46eb36de6b171ec1:0x8c68e23e496fd676",,"https://lh5.googleusercontent.com/p/AF1QipPFf7gbZkIPKhFcj1LwyYPWykhdeNpbpCRtUmQr=w408-h544-k-no","false","58.3778643","26.7266237",,"false","ChIJwR4Xa94260YRdtZvST7iaIw","51004","€€","24","928","https://www.google.com/maps/search/places%20to%20eat/@58.37688116485458,26.719678336936003,17z?hl=en","places to eat",,"Riia tn 1","false","Gustav Gastro Cafe","4.5","https://www.google.com/maps/search/?api=1&query=Gustav%20Gastro%20Cafe&query_place_id=ChIJwR4Xa94260YRdtZvST7iaIw"
"Vallikraavi tn 23, 51003 Tartu, Estonia","Bar",,,,,,,"Bar","3836771174180990839","Tartu","EE","0x46eb377a689ae377:0x353ef30e09842f77",,"https://lh5.googleusercontent.com/p/AF1QipO7f5cnn5vWWF-51WOrviOrUHimH0XtnILwHIM5=w408-h544-k-no","false","58.3778028","26.7149731",,"false","ChIJd-OaaHo360YRdy-ECQ7zPjU","51003",,"22","123","https://www.google.com/maps/search/places%20to%20eat/@58.37688116485458,26.711102994893334,17z?hl=en","places to eat",,"Vallikraavi tn 23","false","ULA baar","4.9","https://www.google.com/maps/search/?api=1&query=ULA%20baar&query_place_id=ChIJd-OaaHo360YRdy-ECQ7zPjU"
"Narva mnt 18, 51009 Tartu, Estonia","Academic department","Computer training school","Public university",,,,,"Academic department","14980234455867962437","Tartu","EE","0x46eb36e2240bd30d:0xcfe47bde7213b445",,"https://lh5.googleusercontent.com/p/AF1QipNUDvi4F9Hj-M_J5DxIGTzNJLwf9jajejxRTggS=w408-h302-k-no","false","58.3854301","26.7247358",,"false","ChIJDdMLJOI260YRRbQTct575M8","51009",,"21","95","https://www.google.com/maps/search/places%20to%20eat/@58.385883424272976,26.719678336936003,17z?hl=en","places to eat",,"Narva mnt 18","false","Institute of Computer Science of University of Tartu","4.9","https://www.google.com/maps/search/?api=1&query=Institute%20of%20Computer%20Science%20of%20University%20of%20Tartu&query_place_id=ChIJDdMLJOI260YRRbQTct575M8"
"Ülikooli 7, 51003 Tartu, Estonia","Diner","Bistro","Restaurant",,,,,"Diner","13342255827502809603","Tartu","EE","0x46eb36e0cf6b7279:0xb92936fc1cb0c203",,"https://lh5.googleusercontent.com/p/AF1QipOWTAeFNNvWTIOaZAnf0sGf47Gnc2vySOpwp5IT=w426-h240-k-no","false","58.3795694","26.7223083",,"true","ChIJeXJrz-A260YRA8KwHPw2Kbk","51003","$$","4","732","https://www.google.com/maps/search/places%20to%20eat/@58.37238003514538,26.77970573123468,17z?hl=en","places to eat",,"Ülikooli 7","false","Pepe's Bistro & Social Club","4.5","https://www.google.com/maps/search/?api=1&query=Pepe's%20Bistro%20%26%20Social%20Club&query_place_id=ChIJeXJrz-A260YRA8KwHPw2Kbk"
"Tähe 29, 50108 Tartu, Estonia","Bar",,,,,,,"Bar","13509073908983433011","Tartu","EE","0x46eb3726d713aee3:0xbb79df2565748733",,"https://lh5.googleusercontent.com/p/AF1QipOxVWRoKpeOaHX5VeGnQHnm8pXRefdQ6SN6UsNE=w408-h271-k-no","false","58.3697156","26.7276781",,"false","ChIJ464T1yY360YRM4d0ZSXfebs","50108","$$","22","610","https://www.google.com/maps/search/places%20to%20eat/@58.367878905436186,26.72825367897867,17z?hl=en","places to eat",,"Tähe 29","false","Barlova","4.7","https://www.google.com/maps/search/?api=1&query=Barlova&query_place_id=ChIJ464T1yY360YRM4d0ZSXfebs"
"Ülikooli 15, 51003 Tartu, Estonia","Restaurant","Hotel",,,,,,"Restaurant","18267870385679109800","Tartu","EE","0x46eb36e6d29fa885:0xfd84835415480ea8",,"https://lh5.googleusercontent.com/p/AF1QipPk7HabqYJ4xufUNkQNx2XxU8I19R1L_nR6VhFW=w408-h272-k-no","false","58.3811419","26.7207277",,"false","ChIJhaif0uY260YRqA5IFVSDhP0","51003","$104","15","334","https://www.google.com/maps/search/places%20to%20eat/@58.38138229456378,26.762555047149345,17z?hl=en","places to eat",,"Ülikooli 15","false","Antonius Hotel","4.8","https://www.google.com/maps/search/?api=1&query=Antonius%20Hotel&query_place_id=ChIJhaif0uY260YRqA5IFVSDhP0"
"Raekoja plats 10, 51004 Tartu, Estonia","Pub",,,,,,,"Pub","16154078957768279843","Tartu","EE","0x46eb374790861ef5:0xe02ed1395f640723",,"https://lh5.googleusercontent.com/p/AF1QipNWYko9As8CFnx3bIVsmo1N-ZkALffjYiAJN24=w408-h312-k-no","false","58.3804999","26.7229028",,"false","ChIJ9R6GkEc360YRIwdkXznRLuA","51004","$$","37","553","https://www.google.com/maps/search/places%20to%20eat/@58.38138229456378,26.719678336936003,17z?hl=en","places to eat",,"Raekoja plats 10","false","The Irish Embassy Pub Tartu","4.2","https://www.google.com/maps/search/?api=1&query=The%20Irish%20Embassy%20Pub%20Tartu&query_place_id=ChIJ9R6GkEc360YRIwdkXznRLuA"
"Raekoja plats 16, 51004 Tartu, Estonia","Restaurant",,,,,,,"Restaurant","6736333562839295052","Tartu","EE","0x46eb36e7344642f9:0x5d7c43af4d93e44c",,"https://lh5.googleusercontent.com/p/AF1QipMliqMxQhApXItS5EAuYqLr-ZjK_QRsPDJBx11N=w408-h306-k-no","false","58.3805556","26.7238889",,"false","ChIJ-UJGNOc260YRTOSTTa9DfF0","51004","$$","38","846","https://www.google.com/maps/search/places%20to%20eat/@58.38138229456378,26.719678336936003,17z?hl=en","places to eat",,"Raekoja plats 16","false","Truffe","4.2","https://www.google.com/maps/search/?api=1&query=Truffe&query_place_id=ChIJ-UJGNOc260YRTOSTTa9DfF0"
"Raekoja plats 9, 51004 Tartu, Estonia","Restaurant",,,,,,,"Restaurant","10331937098293973332","Tartu","EE","0x46eb36e73524c93b:0x8f626a0cc97e1154",,"https://lh5.googleusercontent.com/p/AF1QipOSKxTtcD0VRDToTEmvlLb_5_8NhxzCr0EbRlAh=w408-h272-k-no","false","58.3801444","26.7235535",,"false","ChIJO8kkNec260YRVBF-yQxqYo8","51004","$$","40","1147","https://www.google.com/maps/search/places%20to%20eat/@58.38138229456378,26.719678336936003,17z?hl=en","places to eat",,"Raekoja plats 9","false","Pubi RP 9","4.5","https://www.google.com/maps/search/?api=1&query=Pubi%20RP%209&query_place_id=ChIJO8kkNec260YRVBF-yQxqYo8"
"51007 Tartu, Estonia","Restaurant",,,,,,,"Restaurant","15694210568100440078","Tartu","EE","0x46eb36e72bf46d75:0xd9cd095c35cee80e",,"https://lh5.googleusercontent.com/p/AF1QipMdlDOQPlLA9T8HXbv2RL1XXJmHbNfnUkSa5r70=w408-h306-k-no","false","58.3806833","26.7223082",,"false","ChIJdW30K-c260YRDujONVwJzdk","51007",,"43","309","https://www.google.com/maps/search/places%20to%20eat/@58.38138229456378,26.719678336936003,17z?hl=en","places to eat",,,"false","Kohvik Armastus","4","https://www.google.com/maps/search/?api=1&query=Kohvik%20Armastus&query_place_id=ChIJdW30K-c260YRDujONVwJzdk"
"Rüütli 3, 51007 Tartu, Estonia","Nepalese restaurant",,,,,,,"Nepalese restaurant","13641841548160825935","Tartu","EE","0x46eb36e72c67abb3:0xbd518e9c484a7a4f",,"https://lh5.googleusercontent.com/p/AF1QipMW5BqLLQag1X-oAm6kmsRVBInOSTMyl9E6aaym=w458-h240-k-no","false","58.3806039","26.7224025",,"false","ChIJs6tnLOc260YRT3pKSJyOUb0","51007","$$","44","573","https://www.google.com/maps/search/places%20to%20eat/@58.38138229456378,26.719678336936003,17z?hl=en","places to eat",,"Rüütli 3","false","Mandala Restoran","4.4","https://www.google.com/maps/search/?api=1&query=Mandala%20Restoran&query_place_id=ChIJs6tnLOc260YRT3pKSJyOUb0"
"Rüütli 7, KAMPUS, 51007 Tartu, Estonia","Hamburger restaurant","Barbecue restaurant","Fast food restaurant",,,,,"Hamburger restaurant","15865501237291697568","Tartu","EE","0x46eb37ab8fb4e083:0xdc2d9550f84ac5a0",,"https://lh5.googleusercontent.com/p/AF1QipOC2klB88t2_2EmlP6QKKl-_iafDTj8Wp1jcmXs=w408-h544-k-no","false","58.3807509","26.7223226",,"false","ChIJg-C0j6s360YRoMVK-FCVLdw","51007","$$","45","140","https://www.google.com/maps/search/places%20to%20eat/@58.38138229456378,26.719678336936003,17z?hl=en","places to eat",,"Rüütli 7, KAMPUS","false","Tartu Uulits Tänavagurmee","4.5","https://www.google.com/maps/search/?api=1&query=Tartu%20Uulits%20T%C3%A4navagurmee&query_place_id=ChIJg-C0j6s360YRoMVK-FCVLdw"
